category,count,ratio
meal,617,0.3570601851851852
other,562,0.32523148148148145
sleep,472,0.27314814814814814
digital,39,0.022569444444444444
mobility,38,0.02199074074074074
