behavior_coarse,total,tech_action,tech_status,tech_action_or_status,tech_action_pct,tech_status_pct,tech_action_or_status_pct
出行移动,285,0,47,47,0.0,16.49122807017544,16.49122807017544
工作任务,86,0,5,5,0.0,5.813953488372093,5.813953488372093
放松与情绪调节,554,0,64,64,0.0,11.552346570397113,11.552346570397113
数字设备与账号操作,105,104,76,104,99.04761904761905,72.38095238095238,99.04761904761905
社交沟通,95,0,24,24,0.0,25.263157894736842,25.263157894736842
购物采购,422,2,74,75,0.47393364928909953,17.535545023696685,17.77251184834123
