food_subclass,count,pct_in_food
烹饪备餐,719,41.25071715433161
进食消费,433,24.842226047045322
其他饮食,300,17.21170395869191
摆台上菜,162,9.294320137693632
餐后清理,129,7.401032702237521
