group_id,pair_index,pair_seed,world_order,world_name,exp_id,status,qc_config_match,config_fingerprint,agent_count,total_days,attempt_rate,success_rate,help_seek_rate,abandon_rate,negative_feedback_rate,helplessness_delta,task_count,attempts,successes,help_seek_count,abandon_count,negative_feedback_count,trust_delta,avoidance_delta,emitted,positives,negatives,neg_share,emit_given_attempt
stage6_single_2day_20260407,0,101,0,baseline_low_friction,e8475d90-e0f2-45ea-b94f-49bf80754c6b,ok,1,965737510def2bf6,10,2,0.498958,0.230208,0.384375,0.078125,0.26875,4.320836,960,479,221,369,75,258,0.15,1.475,479,221,258,0.538622,1.0
stage6_single_2day_20260407,0,101,1,high_friction_low_assist,aeb236c2-a628-40b9-b8af-97e67a5a30d7,ok,1,965737510def2bf6,10,2,0.307292,0.01875,0.192708,0.116667,0.288542,0.0,960,295,18,185,112,277,-0.1,0.0,295,18,277,0.938983,1.0
stage6_single_2day_20260407,0,101,2,high_friction_high_assist,e85a74ef-32f5-42e3-a4d5-316f5d86ab22,ok,1,965737510def2bf6,10,2,0.479167,0.134375,0.360417,0.108333,0.344792,0.035,960,460,129,346,104,331,0.0,0.0,460,129,331,0.719565,1.0
stage6_single_2day_20260407,0,101,3,low_friction_high_assist,73cf1167-5878-4b0d-8ee5-fee2d8f042ea,ok,1,965737510def2bf6,10,2,0.767708,0.553125,0.429167,0.039583,0.214583,8.867322,960,737,531,412,38,206,-19.0,15.85,737,531,206,0.279512,1.0
stage6_single_2day_20260407,1,102,0,baseline_low_friction,049a5cd7-4c36-475e-b062-44e377d1c9f0,ok,1,965737510def2bf6,10,2,0.49375,0.233333,0.35625,0.082292,0.260417,8.920146,960,474,224,342,79,250,-17.075,6.575,474,224,250,0.527426,1.0
stage6_single_2day_20260407,1,102,1,high_friction_low_assist,ced561b6-f492-4451-8b8a-efaac6c07f9d,ok,1,965737510def2bf6,10,2,0.280208,0.019792,0.178125,0.103125,0.260417,0.265,960,269,19,171,99,250,-0.5,0.3,269,19,250,0.929368,1.0
stage6_single_2day_20260407,1,102,2,high_friction_high_assist,8d2ab9de-62d0-4155-8f1a-4ed7ce2e2832,ok,1,965737510def2bf6,10,2,0.480208,0.15,0.379167,0.109375,0.330208,4.383234,960,461,144,364,105,317,-5.9,1.0,461,144,317,0.687636,1.0
stage6_single_2day_20260407,1,102,3,low_friction_high_assist,50806314-7e04-4b89-a8f0-d5f8e666bb5d,ok,1,965737510def2bf6,10,2,0.75625,0.570833,0.397917,0.03125,0.185417,-3.101762,960,726,548,382,30,178,-7.4,1.3,726,548,178,0.245179,1.0
