group_id,pair_index,pair_seed,world_order,world_name,exp_id,status,qc_config_match,config_fingerprint,agent_count,total_days,attempt_rate,success_rate,help_seek_rate,abandon_rate,negative_feedback_rate,helplessness_delta,task_count,attempts,successes,help_seek_count,abandon_count,negative_feedback_count,trust_delta,avoidance_delta,emitted,positives,negatives,neg_share,emit_given_attempt
hybrid_full_2day_20260325,0,101,0,baseline_low_friction,c8c61861-ab17-4b06-80f5-56072801f269,ok,1,738e46b257f4d948,10,6,0.574306,0.341667,0.332292,0.066319,0.232639,-39.85,2880,1654,984,957,191,670,45.1,-31.575,1654,984,670,0.405079,1.0
hybrid_full_2day_20260325,0,101,1,high_friction_low_assist,9a9cf722-55e6-410d-89f2-a3af96cefa06,ok,1,738e46b257f4d948,10,6,0.277083,0.028472,0.200694,0.100694,0.248611,-0.2,2880,798,82,578,290,716,0.3,0.0,798,82,716,0.897243,1.0
hybrid_full_2day_20260325,0,101,2,high_friction_high_assist,5d70ea86-971d-4036-8632-77cffdf80c68,ok,1,738e46b257f4d948,10,6,0.455556,0.149653,0.352431,0.112153,0.305903,27.3,2880,1312,431,1015,323,881,-11.8,3.95,1312,431,881,0.671494,1.0
hybrid_full_2day_20260325,0,101,3,low_friction_high_assist,31a1eb03-5d99-478f-a2e5-eee2a71b125f,ok,1,738e46b257f4d948,10,6,0.865278,0.687847,0.384028,0.009375,0.177431,2.2,2880,2492,1981,1106,27,511,4.2,-17.6,2492,1981,511,0.205056,1.0
