group_id,pair_index,pair_seed,world_order,world_name,exp_id,status,qc_config_match,config_fingerprint,agent_count,total_days,attempt_rate,success_rate,help_seek_rate,abandon_rate,negative_feedback_rate,helplessness_delta,task_count,attempts,successes,help_seek_count,abandon_count,negative_feedback_count,trust_delta,avoidance_delta,emitted,positives,negatives,neg_share,emit_given_attempt
stage6_single_2day_20260405,0,101,0,baseline_low_friction,d802f08c-f834-43eb-be89-5c9d517b4914,ok,1,785e28b52aa98af5,10,2,0.520833,0.244792,0.386458,0.076042,0.276042,7.160025,960,500,235,371,73,265,-1.1,1.475,500,235,265,0.53,1.0
stage6_single_2day_20260405,0,101,1,high_friction_low_assist,9084a0e4-5e12-4007-bb97-99fa668f3738,ok,1,785e28b52aa98af5,10,2,0.316667,0.021875,0.197917,0.114583,0.294792,0.0,960,304,21,190,110,283,-0.1,0.0,304,21,283,0.930921,1.0
stage6_single_2day_20260405,0,101,2,high_friction_high_assist,c13b062f-ee4e-45e5-a455-4db50fb09ed8,ok,1,785e28b52aa98af5,10,2,0.5,0.142708,0.364583,0.110417,0.357292,2.630216,960,480,137,350,106,343,0.0,0.0,480,137,343,0.714583,1.0
stage6_single_2day_20260405,0,101,3,low_friction_high_assist,cfad344e-d8a0-4222-b4c4-20add1deea33,ok,1,785e28b52aa98af5,10,2,0.84375,0.651042,0.394792,0.020833,0.192708,-6.289137,960,810,625,379,20,185,-4.1,-0.075,810,625,185,0.228395,1.0
stage6_single_2day_20260405,1,102,0,baseline_low_friction,8e11c014-d072-400a-b51d-689c4c45635b,ok,1,785e28b52aa98af5,10,2,0.563542,0.297917,0.354167,0.073958,0.265625,3.659366,960,541,286,340,71,255,-6.55,5.275,541,286,255,0.471349,1.0
stage6_single_2day_20260405,1,102,1,high_friction_low_assist,58b5c75b-9ab2-440f-983a-bfc39bd5d56e,ok,1,785e28b52aa98af5,10,2,0.292708,0.023958,0.1875,0.105208,0.26875,0.265,960,281,23,180,101,258,-0.5,0.3,281,23,258,0.918149,1.0
stage6_single_2day_20260405,1,102,2,high_friction_high_assist,92c22d3a-e514-49c3-a9dc-0fd4a76c28e9,ok,1,785e28b52aa98af5,10,2,0.503125,0.1625,0.380208,0.1125,0.340625,2.30067,960,483,156,365,108,327,-2.7,0.2,483,156,327,0.677019,1.0
stage6_single_2day_20260405,1,102,3,low_friction_high_assist,3da93857-b8f2-4e96-880a-3d9dea6d0a5e,ok,1,785e28b52aa98af5,10,2,0.808333,0.616667,0.414583,0.026042,0.191667,-0.011432,960,776,592,398,25,184,-2.8,3.95,776,592,184,0.237113,1.0
