group_id,pair_index,pair_seed,world_order,world_name,exp_id,status,qc_config_match,config_fingerprint,agent_count,total_days,attempt_rate,success_rate,help_seek_rate,abandon_rate,negative_feedback_rate,helplessness_delta,task_count,attempts,successes,help_seek_count,abandon_count,negative_feedback_count,trust_delta,avoidance_delta,emitted,positives,negatives,neg_share,emit_given_attempt
20260322_010128,0,101,0,baseline_low_friction,8b31b799-6bcd-4b56-98ec-60ee8119ac91,ok,1,44a1436236d5253a,10,6,0.484028,0.290104,0.237326,0.046701,0.193924,-58.7,5760,2788,1671,1367,269,1117,54.8,-55.48,2788,1671,1117,0.400646,1.0
20260322_010128,0,101,1,high_friction_low_assist,eff00f99-9312-4c7f-8ba6-5101dae2a534,ok,1,44a1436236d5253a,10,6,0.128299,0.012674,0.080903,0.04375,0.115625,0.0,5760,739,73,466,252,666,0.1,0.0,739,73,666,0.901218,1.0
20260322_010128,0,101,2,high_friction_high_assist,736cd321-63c3-465c-9398-77bbff19d340,ok,1,44a1436236d5253a,10,6,0.341667,0.101736,0.280729,0.08316,0.239931,4.75,5760,1968,586,1617,479,1382,0.2,-0.3,1968,586,1382,0.702236,1.0
20260322_010128,0,101,3,low_friction_high_assist,af40a408-ce76-4690-a655-27b2a931f77d,ok,1,44a1436236d5253a,10,6,0.913542,0.712153,0.324306,0.010764,0.201389,0.95,5760,5262,4102,1868,62,1160,-5.3,1.645,5262,4102,1160,0.220448,1.0
