group_id,pair_seed,pair_index,config_fingerprint,exp_id_a,exp_id_b,exp_id_c,attempt_rate_A,attempt_rate_B,attempt_rate_C,attempt_rate_d_BA,attempt_rate_d_CA,neg_share_A,neg_share_B,neg_share_C,neg_share_d_BA,neg_share_d_CA,emit_given_attempt_A,emit_given_attempt_B,emit_given_attempt_C,emit_given_attempt_d_BA,emit_given_attempt_d_CA,helplessness_delta_A,helplessness_delta_B,helplessness_delta_C,helplessness_delta_d_BA,helplessness_delta_d_CA,trust_delta_A,trust_delta_B,trust_delta_C,trust_delta_d_BA,trust_delta_d_CA,avoidance_delta_A,avoidance_delta_B,avoidance_delta_C,avoidance_delta_d_BA,avoidance_delta_d_CA
digital_friction_parallel_20260311_002952,101,0,96afe698bae10d6d,0ab03044-dd76-4f66-b916-6f54a17d348f,5acbdf3b-b362-44cc-a94e-639df496280c,df032cbf-0304-4f74-9d0f-a9e6351a8d29,0.416667,0.315972,0.3125,-0.100695,-0.104167,0.342857,0.589286,0.25,0.246429,-0.092857,0.291667,0.615385,0.133333,0.323718,-0.158334,-3.05917,41.212966,-4.788171,44.272136,-1.729001,-1.515374,-47.288249,4.186558,-45.772875,5.701932,-0.223965,35.791676,-0.720249,36.015641,-0.496284
digital_friction_parallel_20260311_002952,102,1,96afe698bae10d6d,a11f4c49-0147-4f4c-806d-e838ca10ff0b,df90190a-6b3f-4f44-8ef8-8994831b25fb,63e86c54-c01b-4fdd-8ed0-cf5e00833050,0.3125,0.354167,0.298611,0.041667,-0.013889,0.208333,0.5,0.071429,0.291667,-0.136904,0.266667,0.588235,0.162791,0.321568,-0.103876,-7.076803,26.689176,-10.826454,33.765979,-3.749651,4.321592,-32.276233,10.662908,-36.597825,6.341316,-2.256922,25.440124,-5.916181,27.697046,-3.659259
digital_friction_parallel_20260311_002952,103,2,96afe698bae10d6d,62b1a5e8-dbc9-419d-b65f-856081bb136d,47ce311d-2cc3-404a-9289-00ed30f32b99,36d74e33-dd04-448f-bdfb-ab0737af4d58,0.34375,0.368056,0.236111,0.024306,-0.107639,0.238095,0.571429,0.0,0.333334,-0.238095,0.212121,0.462264,0.117647,0.250143,-0.094474,-5.819395,30.394256,-6.649702,36.213651,-0.830307,1.106452,-39.358498,4.28164,-40.46495,3.175188,-2.218265,29.33361,-4.208873,31.551875,-1.990608
digital_friction_parallel_20260311_002952,104,3,96afe698bae10d6d,a3d50392-0445-4c06-b668-1e4caf06ee85,121f56fc-2c6d-460f-9b59-3aed5e0a380b,0c665caf-7728-4e4b-bb07-f22e2bc9a1e8,0.381944,0.333333,0.295139,-0.048611,-0.086805,0.266667,0.5,0.125,0.233333,-0.141667,0.272727,0.625,0.188235,0.352273,-0.084492,-6.3594,34.023229,-11.721822,40.382629,-5.362422,2.987953,-43.502398,10.336227,-46.490351,7.348274,-4.077447,28.879079,-6.542589,32.956526,-2.465142
