group_id,pair_index,pair_seed,world_order,world_name,exp_id,status,qc_config_match,config_fingerprint,agent_count,total_days,attempt_rate,success_rate,help_seek_rate,abandon_rate,negative_feedback_rate,helplessness_delta,task_count,attempts,successes,help_seek_count,abandon_count,negative_feedback_count,trust_delta,avoidance_delta,emitted,positives,negatives,neg_share,emit_given_attempt
stage6_single_2day_20260404,0,101,0,baseline_low_friction,ae25306f-ad13-49c0-a9a3-5b25e474afde,ok,1,785e28b52aa98af5,10,2,0.504167,0.230208,0.378125,0.10625,0.273958,5.446817,960,484,221,363,102,263,-8.25,3.8,484,221,263,0.543388,1.0
stage6_single_2day_20260404,0,101,1,high_friction_low_assist,80aa2408-f9f8-4873-8c6f-dab22bef6891,ok,1,785e28b52aa98af5,10,2,0.29375,0.021875,0.194792,0.116667,0.271875,0.0,960,282,21,187,112,261,0.0,0.0,282,21,261,0.925532,1.0
stage6_single_2day_20260404,0,101,2,high_friction_high_assist,b7bbf0b1-6d79-439e-8ed8-bd66173f50cc,ok,1,785e28b52aa98af5,10,2,0.463542,0.138542,0.369792,0.123958,0.325,0.0,960,445,133,355,119,312,-0.6,0.0,445,133,312,0.701124,1.0
stage6_single_2day_20260404,0,101,3,low_friction_high_assist,50f5a092-6b2e-4dbb-a3c6-941b6312a1f1,ok,1,785e28b52aa98af5,10,2,0.692708,0.480208,0.44375,0.054167,0.2125,5.877238,960,665,461,426,52,204,-1.4,3.425,665,461,204,0.306767,1.0
stage6_single_2day_20260404,1,102,0,baseline_low_friction,188a474d-490f-485c-8c4b-e9aff8260ab1,ok,1,785e28b52aa98af5,10,2,0.504167,0.230208,0.378125,0.10625,0.273958,5.446817,960,484,221,363,102,263,-8.25,3.8,484,221,263,0.543388,1.0
stage6_single_2day_20260404,1,102,1,high_friction_low_assist,71106a4c-9c9b-4d11-90d2-d0ca04fa70d0,ok,1,785e28b52aa98af5,10,2,0.29375,0.021875,0.194792,0.116667,0.271875,0.0,960,282,21,187,112,261,0.0,0.0,282,21,261,0.925532,1.0
stage6_single_2day_20260404,1,102,2,high_friction_high_assist,3a04ac35-7952-4e2b-b3fc-3d6f1c817e6d,ok,1,785e28b52aa98af5,10,2,0.463542,0.138542,0.369792,0.123958,0.325,0.0,960,445,133,355,119,312,-0.6,0.0,445,133,312,0.701124,1.0
stage6_single_2day_20260404,1,102,3,low_friction_high_assist,b885812d-48e2-4cbf-b570-d6dc398be0ef,ok,1,785e28b52aa98af5,10,2,0.692708,0.479167,0.44375,0.055208,0.213542,5.877238,960,665,460,426,53,205,-1.4,3.425,665,460,205,0.308271,1.0
