stage,trust_avg,helplessness_avg,avoidance_avg,event_count
steady,39.66952096354984,39.059160963991346,61.307240053446,3
shock,42.24211555878645,44.14666415804029,55.61048905230436,5
recovery,41.4290393604723,43.65904619452667,56.196656154690764,5
