behavior_coarse,count,pct
饮食相关,1743,33.62268518518518
睡眠相关,1407,27.141203703703702
放松与情绪调节,554,10.686728395061728
购物采购,422,8.140432098765432
出行移动,285,5.497685185185185
家居环境管理,248,4.78395061728395
其他,174,3.356481481481482
数字设备与账号操作,105,2.025462962962963
社交沟通,95,1.832561728395062
工作任务,86,1.6589506172839508
计划与决策,65,1.253858024691358
